{"caliper": [16.198563636363637, 2.6877163591171462], "stfi": [29.226345454545456, 4.7994462932005915], "cull": [123.69545454545455, 19.006559312023374], "rct": [129.14545454545456, 19.944114989719065], "basisweight": [56.411881818181826, 9.943021119157459], "tsi": [4.761772727272727, 0.27334420564651835], "moisture": [6.419163636363637, 0.49880350976275417]}