{"rct": [97.34821428571429, 8.162438495198735], "tsi": [4.895267857142857, 0.2559946502165835], "stfi": [23.782232142857143, 2.3001299257550483], "caliper": [12.451696428571427, 1.2109060626653674], "moisture": [6.514107142857143, 0.3959583051382801], "basisweight": [43.32383928571429, 3.094486886554109]}