{"rct": [78.66666666666667, 5.802298395176403], "tsi": [4.629999999999999, 0.14885275562495598], "stfi": [19.964, 1.2225138036030516], "caliper": [10.927333333333333, 0.7815594910787269], "moisture": [6.929333333333333, 0.48599627668571804], "basisweight": [37.39, 1.8769656363396745]}