{"stfi": [29.2364695177434, 4.789865810484554], "cull": [123.69927206551411, 19.014790509540816], "rct": [129.15286624203821, 19.95167929785603], "basisweight": [56.46321201091901, 9.800653121316605], "tsi": [4.761983621474068, 0.27337910403325966], "moisture": [6.419353958143766, 0.49899063994481274], "caliper": [16.20476797088262, 2.681047666493726]}