{"rct": [123.76767676767676, 4.360157889368844], "tsi": [4.823347763347763, 0.26259827004235714], "stfi": [27.702943722943722, 2.3226212253949], "caliper": [15.300952380952383, 0.682912383013852], "moisture": [6.408629148629149, 0.5333480217180119], "basisweight": [53.05008658008657, 2.917567775836082]}