{"rct": [124.20588235294117, 4.8665799811584805], "tsi": [4.875882352941176, 0.24347381972455592], "stfi": [27.29676470588235, 3.4501644410421557], "caliper": [15.21735294117647, 1.0576942011625596], "moisture": [6.456764705882353, 0.746229798826053], "basisweight": [51.457352941176474, 9.23487832238376], "cull": [119.5, 0.0]}